Total Addresses,Addresses
69,0x089258ed79f140d73638e1bb59ea9599603f3222
69,0x089258ed79f140d73638e1bb59ea9599603f3222
69,0x089258ed79f140d73638e1bb59ea9599603f3222
69,0x5ba3a4dc66a433f467c02c1964878422c16c9d79
69,0xecdaf2374838a898d8863aa82ad9b013b23bcbdd
69,0x7ae1059449e11a3df919ac8450fdb239f8cfcb92
69,0x557980a8b924c2bc3a39442a2ada564e06f0abd8
69,0xe89b519abd57be6fe2c9cf1c3ce2488f5d810a44
69,0xb21515e7ef95e6ec374091fb24abbae31e9675e5
69,0x0fb2fb8a2fca6820de14fb722bb484969668b537
69,0xa4d338186d93a77b5a82ac8253b79050b0058275
69,0xc757163996c1191f668d142ea6046d802be8394d
69,0x7bf37f82f1bba0a3c6d7681ea24afa1b7a6df3d6
69,0xd134d99afdbdaeb62a2ed7970452eb8b36ab51bf
69,0x50e9bf7ff3314c3cf4e6daf29b9a40a7af0f2832
69,0x0b2b898ec953e53b2bbd19cad8bdf91568b43c38
69,0xe9e3d0452cb9e023de751356ce882afaa446e921
69,0x3ae216fbf75b39975437c1c9982ee16cf619f772
69,0xedd33b4249b4d938b7ce96e41302c876e7be3008
69,0x991b1c9657e76d938ee57fca9ad5c7abb1413736
69,0xd2768183eac450c8b2512ebfaece0a530561d3f8
69,0xf33022f473a89ce17c6cdd84187cc6cb10e05b5e
69,0x00fb029f0d5e44d3098b425fc9e95b108278feba
69,0x3276c4337a260d1c955546921761a823ff85936e
69,0x1336bc5f7c3f83f78cd43c1e7d09c8de8d1f8711
69,0x9101d1990818065d2bf3f5ee9d658bf255a0475d
69,0x5cc46c40b8d0a72e273ca2c97c8c188ea7d58d3f
69,0x8eca0eab42c6195e7329477f8032d4006648a84c
69,0x80f416b19624600bf819df7be6c1ee8ebeffeec1
69,0xb6c3e1cddbcdc2e1758a7cc677749d3c6c811f8a
69,0xc9a08ac34b104114680d349f9d0ca2a394ce98f1
69,0x27dadcac8613de8d27519bff92a3e0fa7fd16871
69,0x99af7b5fac9a2232c79e322f4cf91b0a1a2b67eb
69,0x94caf2fe14000948cfb0355001aa17b195b9e5ee
69,0x60cc52f392795921b732549e98c66ca8a2b3f347
69,0xa95261d06cde28a8e491acaaa7687673bf08ff0b
69,0x865d7eb5db37cc02ec209dd778f4e3851a421a20
69,0xabf52de8e43ec4b3e4b097bea7d734a58195c6bf
69,0x0956c1cad5d0be2b7a0792db66af92b996ddf38d
69,0x5fe9cfa5cfecdc333eb102d219b4e77eacde9828
69,0x3e61a56859af3489d5a61c284eb64988c7b2d055
69,0x5d0725255c85f29ae70e94d95fedcaa6eabca535
69,0x5ba3a4dc66a433f467c02c1964878422c16c9d79
69,0xfd1df59f5dc242701a85bd013c5295768be819a6
69,0xbb23c06da32af321baec95b6e6b558064bd46c67
69,0x51ba6d0720cb604e22605341c8344f18ef1c495e
69,0xa3115f13b7efed56e53005d2244f02497753b749
69,0x1bfa0776a81efbf3da40045c4ed036af95b0eb54
69,0xeeff517294d2aa759274703a1b1c5ac81f9a754b
69,0x7f74948c7d4f78dec936ba2658cc991e5537089b
69,0x31f939a7a83183a42b2643bb8bfc30893e37732e
69,0x9be2daba33e7cd13047182e17ca005794367d76c
69,0xe2aabeaaf582041e17ca60a98849a2550da4622e
69,0x8081c99a5bff9eb1ef1ea4fc3454016e08fa5adb
69,0xc0597cdd5135a44448786ca35d56e2c4ae568cf5
69,0xf13ec0d69695828b50571c5a038d7f7b21d486b5
69,0x227e687b0d1b62ebc2880077810516c412992774
69,0x3741a50cc6f94bab148bdc28b2a4fb23b86cbf03
69,0xb84cf479b93eb5d864cb6408a4bb663970d72e78
69,0x8c57cafccc44a8c64f9e5c7aade1463f6185373f
69,0x3888eed1754fe5cd8d005576699ea802aaddefbd
69,0x71b8b601f5beb3b2cce65afa31b3bc7bfa59cd15
69,0xae68a4ab5228229391225283c899e88e4741c62a
69,0xe27a94268f5aa5b70748a38e58293cd993579a91
69,0x006941fed88e0adb8fd9bd0fe6aaebe986f551ca
69,0x2b873163eb1112a683f48853110bf8f4b4e50f53
69,0x78a04a9b12058eeb6b211d9ec35a7e8fa9913a4a
69,0x6fb57d194bd89cf54ada268f87ba7b0c73548dc5
69,0xf96a186195262f85928880d6bc1cc5dd22ceaf42
