,0
0,https://dym.fyi/tx/26C38437DC7ACA99068D11A0BB127203FD9AA5A22DD7100660A7D4731D3C9A6C
1,https://dym.fyi/tx/5E5EED6E813BEB26F728C0B8BC1CF22B9E73625C3E4AA59F30347E07D673623A
2,https://dym.fyi/tx/E0994BC7EC305345A410DFC5489FB23035FEC8A92D99A83254944F3966E79E17
3,https://dym.fyi/tx/F33C2B227B0F0A5B8F8AE069C4B30F4BA9A20EA57711F8CCDA2325D592C0636A
4,https://dym.fyi/tx/FCBE0428ED409D1CE875E5B638E0CB8A33C73B37393A5B0DB72BCDD017C54667
5,https://dym.fyi/tx/9C77F05AC0FD8FCFE8CA3DAB130FDD948D890A627DD9B72D5A978BACE664C73E
6,https://dym.fyi/tx/22740E779D30546A61EC91DD341FD73C6617C6D0F7DD86D0407D9B246BA36EDA
7,https://dym.fyi/tx/A580AAAC89F2476E2FA46053FF1A443AB0B3309B4313BE93814FD3A81167D48B
8,https://dym.fyi/tx/713040B7A922EB76E5A8EA9B638A3964E436E2993D9AB4DD2B8F30DE14E2A47C
9,https://dym.fyi/tx/910DD57BF49F7E7DFA7C8B0FC555C2AC37232C088B6ED377CA1069F1537399C7
10,https://dym.fyi/tx/D8461AB59A82F9BDFD627DCC87A5125112C04AB0A0AF2C82DDB86EBB67499FB6
11,https://dym.fyi/tx/A81A4D8477C4E8D206A9B54772B7E3FFB500AAC1234E2D5772BC7CC8474C0743
12,https://dym.fyi/tx/D0DB4A71D08779B4FFEE7D440DAEA9348BDD284193DC26E464383961B9DB1667
13,https://dym.fyi/tx/E2F1E4F6F6FD5C5000C38F75A5C9A6E602C5E7EACB0CAEF9EA17B7110FAB0D98
14,https://dym.fyi/tx/D6375E110E83F1A8F0B25D1F2CDEC0D1A6932B5E435A614B8733CD490B4A39F3
15,https://dym.fyi/tx/CFCE9021F6BA35B8C44F6D338DFA2BAC4B726EE3A08BA2B85228CB62DD1A7E96
16,https://dym.fyi/tx/D5090727AC9A53228BCF6D77E5ABB60F89B07BB45A7DF56EC37A680C521C69F5
17,https://dym.fyi/tx/99877B1C7BFEDDE2FBE5313C6EFFA7259F929F6CF0699B71B6F0F10EF7099C99
18,https://dym.fyi/tx/B0AA8194E9965963D063517BF9EF215EF9588FCEBE86CD499DFDBD3216D0099C
19,https://dym.fyi/tx/ADD55DDBB76C50D682C1E681B5D1C22607464770E209AA8CD09BABA030A75843
20,https://dym.fyi/tx/40B06B1C5C6BD58F8632209212098A90810D843C0F309575D3E1D7E9A18DEB69
21,https://dym.fyi/tx/62524550C9615E8ECCC70FDA18A36CA9C9E8A0372E77F8C8419674147E8E0205
22,https://dym.fyi/tx/EFD23B733ECF0D31E02BDC53854F0B8E078C7D5A631ED941A2B005C238972BCC
23,https://dym.fyi/tx/4035C06C5F7ECF47C5EA4CD4D7461FBD314AD67CDBABA0BE66188AD4DB3C6C0E
24,https://dym.fyi/tx/0F8E2D30F81DF3D09C4459497114E4D385E1A83AA123301D49CAA0F2A5EAA543
25,https://dym.fyi/tx/D58576D1427B4133C3C32B9CCAE38EF17B454E51287C1FD1BEAF5E634530C994
26,https://dym.fyi/tx/8FFBEE7AFD522442C8CA794D2343F184422F4EB60128C3269AE649BC0EFBA73C
27,https://dym.fyi/tx/7DD15786914A8CF5E0E9891C0AA4C3C557EC879B4C1B1B2FF4BB3A5707630DA1
28,https://dym.fyi/tx/85664363D60DE954D5877BB644B0D2F31A5C02EA98155C9BBF36A57CAF41DE8D
29,https://dym.fyi/tx/46BD11975880EB5BCF5F877E64C1E2803C5BE754A96A9613D857C286925ADFDB
30,https://dym.fyi/tx/11453A3610E900AF819210DB04DF0805A1252B8004B2A5C1C6606FFD86ADE766
31,https://dym.fyi/tx/55A0F8B707DAEAB3E687D226AC39AF9D4812FC5A35B9C68A9A63FE1DDC1A867B
32,https://dym.fyi/tx/DBA4599F7161CBAAE4B54DEB5529DC4E2EAC6B78B773E387C782257AEEFDA797
33,https://dym.fyi/tx/C33309867E7E543B4498D9263B676DC13E7BABA817BB2AB514FFDB1A8611D658
34,https://dym.fyi/tx/BBA37C3786A9CD9CDCAF0002D70C63FDC939FC5148C27B47A2C69ECFB7A75C73
35,https://dym.fyi/tx/06A59B55784E6A23947E61013838A0A1B98BB398C1A981B5CCA9D91A6FF367B6
36,https://dym.fyi/tx/60CC6DC605A6FA56D762B668FA46DCB5A0EAAAA9B04EBB070996AF2F13199EE3
37,https://dym.fyi/tx/03F9731D0AF0AD08EF9F2044F11302622D707A90CF3FB9366304EFDFA5AC539C
38,https://dym.fyi/tx/373B6D05714991A6E172F61FBDCC308A46545351B92D82D8061061E680F81268
39,https://dym.fyi/tx/854E25D75D47D761DDA0387D77148C85C48CE12E5274EE905CF90403B6F698B2
40,https://dym.fyi/tx/AFCB7D4369747F5C434AB1BD8CE1DBE51A5C96833ECD6C138C3DBA3383671708
41,https://dym.fyi/tx/C69D2C835FBF272AFA0F412BCF7F875AC3FEEB0E3E13989C8D0E2D61D26EF6C3
42,https://dym.fyi/tx/9B7DB82F98F00AD84A6D174236B1A7B3B2DC896D35F56825B74293842103E723
43,https://dym.fyi/tx/BAF969888C43B64B8FDF19EAD3FBC638E867B1DEAD7F58A7E4205172AFD55E4C
44,https://dym.fyi/tx/391C2A60644839F50A2C59A07135F7549DE55EE30277464A90E12FD4DD24E780
45,https://dym.fyi/tx/2ACA4BECA88A6E7490E85C17076709C8A40883F077A5AEE813C0DBF7B8AD5075
46,https://dym.fyi/tx/6F56011840B81A63E475D87F43335A19034FE46873573156F6A873C1C05161FE
47,https://dym.fyi/tx/3A4AD750D91DAD45492B2912D6444B1B5C2AABF1A50499A103031A0C17F59462
48,https://dym.fyi/tx/CEC163D21328277C79AF2D50C83B738E41BEACC89DB220F777FEBB3C117E86D3
49,https://dym.fyi/tx/A1999C1290BFACC261A75130F5B21F53FEAB0E64D71F2DA3A49E4BAB70E2840F
50,https://dym.fyi/tx/B06121F71D334700DF68AA31B05E0F9DCC4358AA2D63563CB29ABF49FD4879D3
51,https://dym.fyi/tx/63D1B470B0EE6772444EAC71BDD9E17D68C03F094E8C9E1C9F3CA050A8DC6E8D
52,https://dym.fyi/tx/FA154AE3CB38C98663F6C63C57F46BEC93A4E04BF487190A9CA438BD5356EE66
53,https://dym.fyi/tx/0EAD78F99F8388D5906EBE9BA844595363039F81C9120D9B12C8FA25E114A801
54,https://dym.fyi/tx/4C4D7470A7EF1127BAC0A430DE83B52A2D0283D10F549AA3795235184D32038B
55,https://dym.fyi/tx/1C47FC90F44398DC58587DF8D35016899E8624376133462516E9E77A75440BA8
56,https://dym.fyi/tx/47155998422E6E99ACD0CF8377F66F9212715F474E61E562B89A6BA2B5EE703D
57,https://dym.fyi/tx/E059614DF3A9C8DAB8477D2A57493BBCF452CF29E173DC5BA7D8CDFD0356F90E
58,https://dym.fyi/tx/C7D96FAEE9D66F25EAC676367738C2242B8CFB2306FB07D036DD830FC8388F08
59,https://dym.fyi/tx/6F910F15253AA33211FA07039EAF286C6AC6B09D9A8B4F30F6ABFCDF0141F934
60,https://dym.fyi/tx/673727F141FA28A0754D9B1E78A6C4DDCFF0D90CAB891173C6DE358E3A07E561
61,https://dym.fyi/tx/1FD61254320FF58AA003A54668AC30EF8DACF97D66461938D720FCE00FDC88E9
62,https://dym.fyi/tx/668B51EDB6322CD016ED69CB27569E0866681C42BE8F8BCAC77E917A2DC9FE40
63,https://dym.fyi/tx/1B3A613AE04CF8A24D6D7FDD4D2794AC6E7792886A0E9C0A5B368F29BD827464
64,https://dym.fyi/tx/240E22995E7D64C85EC1C25BEEBE110992493C9BF2F4AF5E3751BE7A63E5E19D
65,https://dym.fyi/tx/1FDC36030DE81DE1F80CA6E0A4426EADD921D94791B60FB607E08076D8A40B8B
66,https://dym.fyi/tx/CDA9D62EA38CC46F2F49340A3E991D449231C40EB670579628809A8CE1F6FD1D
67,https://dym.fyi/tx/BCE4700216560F0698083FEDA7288542F4249022BCBAC377E4F3487E67E97AF7
68,https://dym.fyi/tx/A718D374A2AC80EB1CA52487B94BCD13D1ED3273A19A37FE9594989CC106ED44
